City_ID,City,Country,Date,Lat,Lng,Max Temp,Humidity,Cloudiness,Wind Speed
0,Ushuaia,AR,2021-04-02 21:26:17,-54.8,-68.3,51.8,62,75,16.11
1,Tuktoyaktuk,CA,2021-04-02 21:26:17,69.4541,-133.0374,-14.8,70,75,6.91
2,Bredasdorp,ZA,2021-04-02 21:21:27,-34.5322,20.0403,50.0,93,32,4.61
3,Cape Town,ZA,2021-04-02 21:26:18,-33.9258,18.4232,64.0,67,0,6.91
4,Tumpat,MY,2021-04-02 21:26:18,6.1978,102.171,75.2,94,20,3.36
5,Ravar,IR,2021-04-02 21:26:18,31.2656,56.8055,73.31,33,84,5.93
6,Pangnirtung,CA,2021-04-02 21:26:19,66.1451,-65.7125,-13.0,58,1,2.3
7,Bambous Virieux,MU,2021-04-02 21:26:19,-20.3428,57.7575,77.0,100,40,3.44
8,Faanui,PF,2021-04-02 21:26:19,-16.4833,-151.75,81.45,70,0,2.17
9,Rikitea,PF,2021-04-02 21:26:19,-23.1203,-134.9692,77.05,78,99,11.48
10,Rawson,AR,2021-04-02 21:23:35,-43.3002,-65.1023,71.44,52,80,21.12
11,Hastings,GB,2021-04-02 21:26:20,50.8552,0.5729,45.0,70,52,7.0
12,Sinnamary,GF,2021-04-02 21:26:20,5.3833,-52.95,75.38,93,100,9.4
13,Novo Aripuana,BR,2021-04-02 21:26:20,-5.1206,-60.3797,81.25,81,54,4.18
14,Vaini,TO,2021-04-02 21:26:21,-21.2,-175.2,80.6,89,75,3.44
15,Arraial Do Cabo,BR,2021-04-02 21:26:21,-22.9661,-42.0278,77.0,83,20,11.5
16,Isangel,VU,2021-04-02 21:26:21,-19.55,169.2667,81.09,81,87,7.05
17,Cidreira,BR,2021-04-02 21:26:21,-30.1811,-50.2056,68.86,83,95,12.44
18,Tasiilaq,GL,2021-04-02 21:26:22,65.6145,-37.6368,30.2,86,75,9.22
19,Floresta,BR,2021-04-02 21:26:22,-8.6011,-38.5686,89.8,26,18,3.4
20,Bluff,NZ,2021-04-02 21:22:22,-46.6,168.3333,46.99,85,90,4.0
21,Punta Arenas,CL,2021-04-02 21:22:24,-53.15,-70.9167,48.2,76,100,4.61
22,Yining,CN,2021-04-02 21:26:23,29.0361,114.5636,57.47,94,100,3.36
23,Makakilo City,US,2021-04-02 21:26:23,21.3469,-158.0858,80.6,50,75,9.22
24,Albany,US,2021-04-02 21:24:44,42.6001,-73.9662,37.0,29,100,11.83
25,Westport,US,2021-04-02 21:26:23,41.1415,-73.3579,36.0,35,90,12.66
26,Avarua,CK,2021-04-02 21:26:24,-21.2078,-159.775,84.2,70,31,16.11
27,San Quintin,MX,2021-04-02 21:23:17,30.4833,-115.95,66.96,58,0,11.7
28,Nikolskoye,RU,2021-04-02 21:21:50,59.7035,30.7861,35.01,93,0,3.27
29,Buin,CL,2021-04-02 21:26:24,-33.7333,-70.75,75.2,43,40,6.91
30,Mandera,KE,2021-04-02 21:26:24,3.9366,41.867,89.92,36,18,13.69
31,Acarau,BR,2021-04-02 21:26:25,-2.8856,-40.12,80.83,79,5,14.0
32,Morros,BR,2021-04-02 21:26:25,-9.4467,-46.3003,72.66,94,99,4.54
33,Ossora,RU,2021-04-02 21:26:25,59.2353,163.0719,11.71,81,100,5.28
34,Pimentel,PE,2021-04-02 21:26:26,-6.8367,-79.9342,78.8,53,0,21.85
35,Kautokeino,NO,2021-04-02 21:26:26,69.0125,23.0412,21.45,92,100,3.22
36,Mataura,NZ,2021-04-02 21:26:26,-46.1927,168.8643,46.99,85,80,4.0
37,Fort Nelson,CA,2021-04-02 21:24:28,58.8053,-122.7002,24.8,46,40,3.44
38,Mar Del Plata,AR,2021-04-02 21:23:50,-38.0023,-57.5575,69.01,83,40,10.36
39,Hermanus,ZA,2021-04-02 21:26:27,-34.4187,19.2345,60.01,78,49,1.99
40,Puerto Escondido,MX,2021-04-02 21:26:27,15.85,-97.0667,87.8,74,20,11.5
41,Talara,PE,2021-04-02 21:26:27,-4.5772,-81.2719,73.58,74,66,11.5
42,Colomi,BO,2021-04-02 21:26:27,-17.35,-65.8667,75.2,35,75,3.44
43,Norman Wells,CA,2021-04-02 21:26:28,65.282,-126.8329,5.0,66,75,2.3
44,Kozhva,RU,2021-04-02 21:26:28,65.1073,57.0459,21.43,97,39,4.54
45,Piacabucu,BR,2021-04-02 21:26:21,-10.4056,-36.4344,79.77,70,23,10.38
46,Chapais,CA,2021-04-02 21:26:28,49.7834,-74.8492,24.8,42,1,18.41
47,Kapaa,US,2021-04-02 21:26:29,22.0752,-159.319,78.8,65,40,11.5
48,Baykit,RU,2021-04-02 21:23:51,61.67,96.37,16.75,97,100,0.72
49,Boa Vista,BR,2021-04-02 21:26:29,2.8197,-60.6733,73.4,78,40,10.36
50,Port Blair,IN,2021-04-02 21:26:29,11.6667,92.75,76.89,70,100,4.5
51,Ponta Delgada,PT,2021-04-02 21:26:30,37.7333,-25.6667,60.8,88,75,14.97
52,Butaritari,KI,2021-04-02 21:26:30,3.0707,172.7902,81.63,81,35,16.78
53,Port Elizabeth,ZA,2021-04-02 21:26:30,-33.918,25.5701,59.0,82,20,8.05
54,Changping,CN,2021-04-02 21:26:30,40.2186,116.2197,55.0,37,0,11.18
55,Hamilton,US,2021-04-02 21:25:32,39.1834,-84.5333,48.99,27,1,4.61
56,Makinsk,KZ,2021-04-02 21:26:31,52.6292,70.4169,18.34,93,11,11.54
57,Longyearbyen,SJ,2021-04-02 21:26:31,78.2186,15.6401,21.2,73,75,12.66
58,Castro,BR,2021-04-02 21:26:31,-24.7911,-50.0119,63.36,74,6,5.1
59,Woodstock,CA,2021-04-02 21:26:32,43.1334,-80.7497,39.99,28,0,12.66
60,Touros,BR,2021-04-02 21:26:32,-5.1989,-35.4608,80.6,78,20,4.61
61,Olafsvik,IS,2021-04-02 21:26:32,64.8945,-23.7142,41.29,85,72,21.9
62,Toppenish,US,2021-04-02 21:26:32,46.3774,-120.3087,64.4,27,1,4.18
63,Hilo,US,2021-04-02 21:23:15,19.7297,-155.09,80.6,54,1,9.22
64,New Norfolk,AU,2021-04-02 21:26:33,-42.7826,147.0587,63.0,59,0,10.36
65,Mahebourg,MU,2021-04-02 21:26:33,-20.4081,57.7,75.2,100,40,3.44
66,Koppang,NO,2021-04-02 21:26:33,61.5706,11.0555,26.49,82,57,6.76
67,Sitka,US,2021-04-02 21:21:45,57.0531,-135.33,37.4,81,90,1.48
68,Dekar,BW,2021-04-02 21:26:34,-21.5333,21.9333,71.76,36,6,5.37
69,Puerto Ayora,EC,2021-04-02 21:26:34,-0.7393,-90.3518,80.6,83,40,9.22
70,Thies,SN,2021-04-02 21:26:34,14.8342,-17.1061,77.0,47,20,9.22
71,Mount Isa,AU,2021-04-02 21:26:35,-20.7333,139.5,69.8,46,0,6.91
72,Grand Baie,MU,2021-04-02 21:26:35,-20.0182,57.5802,77.0,84,5,3.0
73,Cayenne,GF,2021-04-02 21:26:35,4.9333,-52.3333,77.0,88,0,8.05
74,Souillac,MU,2021-04-02 21:26:36,-20.5167,57.5167,75.2,100,40,3.44
75,Broken Hill,AU,2021-04-02 21:26:36,-31.95,141.4333,60.8,59,0,5.75
76,Batagay,RU,2021-04-02 21:26:36,67.6333,134.6333,-0.72,97,100,5.44
77,Luoyang,CN,2021-04-02 21:26:37,34.6836,112.4536,54.0,21,100,1.16
78,Tilichiki,RU,2021-04-02 21:26:37,60.4667,166.1,4.33,89,79,4.25
79,Abu Kamal,SY,2021-04-02 21:26:37,34.4506,40.9171,53.85,58,52,15.9
80,Ribeira Grande,PT,2021-04-02 21:26:37,38.5167,-28.7,60.8,82,75,17.27
81,Atuona,PF,2021-04-02 21:26:38,-9.8,-139.0333,80.51,80,23,13.47
82,Guerrero Negro,MX,2021-04-02 21:26:38,27.9769,-114.0611,67.71,55,0,18.95
83,Multai,IN,2021-04-02 21:26:38,21.7667,78.25,77.58,9,1,2.93
84,Timmins,CA,2021-04-02 21:25:47,48.4669,-81.3331,41.0,19,40,6.91
85,Havoysund,NO,2021-04-02 21:22:11,70.9963,24.6622,35.6,87,90,6.91
86,Saint-Philippe,RE,2021-04-02 21:26:39,-21.3585,55.7679,77.0,88,75,14.97
87,Yellowknife,CA,2021-04-02 21:26:39,62.456,-114.3525,8.01,78,90,6.91
88,Chokurdakh,RU,2021-04-02 21:26:39,70.6333,147.9167,-20.97,100,97,3.15
89,Jamestown,US,2021-04-02 21:26:40,42.097,-79.2353,36.0,34,1,16.11
90,Carnarvon,AU,2021-04-02 21:26:40,-24.8667,113.6333,77.0,94,22,10.36
91,Kodiak,US,2021-04-02 21:26:41,57.79,-152.4072,37.4,30,40,3.44
92,Valparaiso,CL,2021-04-02 21:26:41,-33.0393,-71.6273,69.8,52,92,9.22
93,Airai,TL,2021-04-02 21:26:41,-8.9266,125.4092,60.75,97,100,3.09
94,Cabedelo,BR,2021-04-02 21:26:42,-6.9811,-34.8339,80.6,78,0,6.91
95,Kruisfontein,ZA,2021-04-02 21:26:42,-34.0033,24.7314,55.0,94,0,1.01
96,Altamont,US,2021-04-02 21:26:42,42.2068,-121.7372,68.0,14,1,17.27
97,Nanortalik,GL,2021-04-02 21:26:42,60.1432,-45.2371,35.98,98,100,2.82
98,Praia Da Vitoria,PT,2021-04-02 21:26:43,38.7333,-27.0667,60.01,100,75,23.44
99,Barrow,US,2021-04-02 21:26:43,71.2906,-156.7887,-16.6,69,1,5.75
100,Torbay,CA,2021-04-02 21:26:43,47.6666,-52.7314,42.8,93,75,14.97
101,Aljezur,PT,2021-04-02 21:26:44,37.3191,-8.8033,55.58,93,11,6.76
102,Gariaband,IN,2021-04-02 21:26:44,20.635,82.0614,74.32,12,1,1.72
103,Leningradskiy,RU,2021-04-02 21:26:44,69.3833,178.4167,-15.2,98,100,2.53
104,Talnakh,RU,2021-04-02 21:26:44,69.4865,88.3972,-17.3,86,19,6.13
105,Saint Anthony,US,2021-04-02 21:23:14,45.0205,-93.218,61.0,21,1,24.16
106,Vila Franca Do Campo,PT,2021-04-02 21:26:45,37.7167,-25.4333,60.8,88,75,14.97
107,Alice Springs,AU,2021-04-02 21:26:45,-23.7,133.8833,55.4,82,0,5.75
108,Busselton,AU,2021-04-02 21:26:45,-33.65,115.3333,63.0,83,100,1.99
109,Dingle,PH,2021-04-02 21:26:46,10.9995,122.6711,74.73,91,91,7.07
110,Hobart,AU,2021-04-02 21:26:46,-42.8794,147.3294,63.0,59,0,10.36
111,Nuuk,GL,2021-04-02 21:26:46,64.1835,-51.7216,17.6,86,75,14.97
112,Sorland,NO,2021-04-02 21:26:46,67.667,12.6934,33.8,75,75,12.66
113,Tutoia,BR,2021-04-02 21:26:47,-2.7619,-42.2744,80.01,80,62,8.08
114,Beringovskiy,RU,2021-04-02 21:22:03,63.05,179.3167,8.17,86,98,13.6
115,Basco,PH,2021-04-02 21:22:36,20.4487,121.9702,79.66,75,70,10.69
116,Tual,ID,2021-04-02 21:26:47,-5.6667,132.75,82.27,76,100,16.98
117,Salalah,OM,2021-04-02 21:26:47,17.0151,54.0924,78.8,44,0,5.75
118,Tautira,PF,2021-04-02 21:26:48,-17.7333,-149.15,87.8,66,20,6.91
119,Lompoc,US,2021-04-02 21:26:48,34.6391,-120.4579,66.0,63,33,9.22
120,Tabas,IR,2021-04-02 21:26:48,33.5959,56.9244,76.62,27,98,14.23
121,Chor,PK,2021-04-02 21:26:49,25.5167,69.7667,81.46,30,0,8.7
122,Kumano,JP,2021-04-02 21:26:49,34.3442,132.5894,57.2,82,0,10.36
123,Changqing,CN,2021-04-02 21:26:49,36.5575,116.7272,51.01,88,100,1.01
124,Emerald,AU,2021-04-02 21:26:49,-23.5333,148.1667,68.0,68,0,16.11
125,Mpulungu,ZM,2021-04-02 21:26:50,-8.7623,31.1141,72.19,76,5,6.42
126,Dikson,RU,2021-04-02 21:26:50,73.5069,80.5464,-17.12,84,96,4.81
127,Clyde River,CA,2021-04-02 21:26:50,70.4692,-68.5914,-7.6,71,1,10.36
128,Dagana,MR,2021-04-02 21:26:50,16.5165,-15.5068,95.0,23,0,5.61
129,Pisco,PE,2021-04-02 21:26:51,-13.7,-76.2167,75.2,69,0,8.05
130,Cape Canaveral,US,2021-04-02 21:26:51,28.4058,-80.6048,63.0,55,40,18.41
131,Ostrovnoy,RU,2021-04-02 21:26:51,68.0531,39.5131,17.87,98,86,6.78
132,Adeje,ES,2021-04-02 21:26:52,28.1227,-16.726,66.99,72,20,13.8
133,Saskylakh,RU,2021-04-02 21:22:34,71.9167,114.0833,-38.42,100,60,2.77
134,Nyurba,RU,2021-04-02 21:26:52,63.2842,118.3319,-26.18,99,59,3.47
135,Ancud,CL,2021-04-02 21:26:52,-41.8697,-73.8203,57.99,82,90,4.61
136,Constitucion,CL,2021-04-02 21:26:53,-35.3333,-72.4167,64.0,68,22,15.32
137,Klaksvik,FO,2021-04-02 21:22:11,62.2266,-6.589,42.8,87,75,18.41
138,Fortuna,US,2021-04-02 21:22:38,40.5982,-124.1573,60.01,82,1,12.66
139,Port Alfred,ZA,2021-04-02 21:26:53,-33.5906,26.891,61.86,82,30,12.55
140,Alekseyevsk,RU,2021-04-02 21:26:53,57.8406,108.3492,28.94,96,100,10.0
141,Yulara,AU,2021-04-02 21:26:54,-25.2406,130.9889,62.6,51,0,5.75
142,Alofi,NU,2021-04-02 21:26:54,-19.0595,-169.9187,84.2,70,37,9.22
143,Ola,RU,2021-04-02 21:26:54,59.5833,151.2833,4.55,80,11,6.58
144,Sao Paulo De Olivenca,BR,2021-04-02 21:26:54,-3.3783,-68.8725,77.29,88,100,2.15
145,Jalu,LY,2021-04-02 21:26:55,29.0331,21.5482,62.28,30,0,5.26
146,Georgetown,MY,2021-04-02 21:25:07,5.4112,100.3354,84.0,94,20,3.44
147,Ambulu,ID,2021-04-02 21:26:55,-8.345,113.6058,76.1,86,88,2.04
148,Roald,NO,2021-04-02 21:26:55,62.5833,6.1333,39.2,65,90,4.61
149,Vallenar,CL,2021-04-02 21:26:56,-28.5708,-70.7581,82.24,25,50,6.58
150,The Pas,CA,2021-04-02 21:26:56,53.8251,-101.2541,46.4,39,1,17.27
151,Dakar,SN,2021-04-02 21:26:11,14.6937,-17.4441,71.6,83,19,3.44
152,Whitehorse,CA,2021-04-02 21:26:56,60.7161,-135.0538,26.6,43,40,3.44
153,Tanout,NE,2021-04-02 21:26:56,14.9709,8.8879,73.54,10,0,12.88
154,Nouakchott,MR,2021-04-02 21:26:57,18.0858,-15.9785,77.0,57,91,17.27
155,Lufkin,US,2021-04-02 21:26:28,31.3382,-94.7291,68.0,20,1,10.36
156,Aitape,PG,2021-04-02 21:26:57,-3.1374,142.3475,76.93,89,100,5.21
157,Tiksi,RU,2021-04-02 21:26:57,71.6872,128.8694,-18.06,100,100,7.09
158,Grindavik,IS,2021-04-02 21:23:23,63.8424,-22.4338,41.0,81,90,16.11
159,Matagami,CA,2021-04-02 21:26:58,49.7502,-77.6328,30.2,29,1,13.8
160,Arman,RU,2021-04-02 21:26:58,59.7,150.1667,5.65,75,36,6.31
161,Haines Junction,CA,2021-04-02 21:26:58,60.7522,-137.5108,26.6,36,98,5.75
162,Narsaq,GL,2021-04-02 21:26:59,60.9167,-46.05,37.4,81,75,4.47
163,Thompson,CA,2021-04-02 21:26:37,55.7435,-97.8558,48.2,31,20,17.27
164,Vostok,RU,2021-04-02 21:26:59,46.4856,135.8833,34.3,96,100,7.63
165,Rorvik,NO,2021-04-02 21:26:59,64.8621,11.2373,38.37,66,100,16.04
166,Axim,GH,2021-04-02 21:27:00,4.8699,-2.2405,79.43,88,59,8.81
167,Ponta Do Sol,PT,2021-04-02 21:27:00,32.6667,-17.1,62.6,72,40,6.91
168,Lorengau,PG,2021-04-02 21:27:00,-2.0226,147.2712,81.32,78,98,5.93
169,Hofn,IS,2021-04-02 21:27:00,64.2539,-15.2082,43.61,58,3,8.66
170,Tevaitoa,PF,2021-04-02 21:27:01,-16.7833,-151.5,81.28,73,9,2.89
171,Aklavik,CA,2021-04-02 21:27:01,68.2191,-135.0107,-5.8,59,100,3.44
172,Ongandjera,NA,2021-04-02 21:27:01,-17.8833,15.0667,77.54,53,99,4.34
173,Gornozavodsk,RU,2021-04-02 21:27:02,58.3758,58.3211,33.12,98,100,8.84
174,Guskhara,IN,2021-04-02 21:27:02,23.5,87.75,74.98,93,0,6.6
175,Vilyuysk,RU,2021-04-02 21:27:02,63.7553,121.6247,-9.29,97,99,6.98
176,Kaitangata,NZ,2021-04-02 21:27:02,-46.2817,169.8464,51.01,73,81,5.99
177,Aripuana,BR,2021-04-02 21:27:03,-9.1667,-60.6333,80.1,87,77,3.0
178,Batemans Bay,AU,2021-04-02 21:27:03,-35.7167,150.1833,57.99,87,0,4.03
179,Funadhoo,MV,2021-04-02 21:27:03,6.15,73.2667,83.05,74,27,10.74
180,Yerbogachen,RU,2021-04-02 21:22:54,61.2767,108.0108,13.8,94,100,8.99
181,Keetmanshoop,NA,2021-04-02 21:22:53,-26.5833,18.1333,80.6,26,81,5.75
182,Mazagao,BR,2021-04-02 21:27:04,-0.115,-51.2894,86.0,89,75,8.05
183,Ocampo,MX,2021-04-02 21:27:04,21.65,-101.5,82.0,50,2,13.94
184,Kahului,US,2021-04-02 21:24:11,20.8947,-156.47,80.6,57,20,18.41
185,Banes,CU,2021-04-02 21:27:05,20.9625,-75.7186,77.0,78,75,16.11
186,Krasnovishersk,RU,2021-04-02 21:27:05,60.4078,57.082,29.5,98,100,2.44
187,Hay River,CA,2021-04-02 21:27:05,60.8156,-115.7999,8.6,61,91,9.22
188,Geraldton,AU,2021-04-02 21:27:05,-28.7667,114.6,69.8,88,82,12.66
189,Los Llanos De Aridane,ES,2021-04-02 21:27:06,28.6585,-17.9182,66.2,77,20,12.66
190,Jeremie,HT,2021-04-02 21:27:06,18.65,-74.1167,80.06,72,18,4.7
191,Mawlaik,MM,2021-04-02 21:27:06,23.6333,94.4167,70.27,40,0,1.95
192,Southbridge,US,2021-04-02 21:25:12,42.0751,-72.0334,33.8,43,90,10.36
193,Saint-Georges,GD,2021-04-02 21:24:06,12.0564,-61.7485,82.4,69,40,20.71
194,Bengkulu,ID,2021-04-02 21:27:07,-3.8004,102.2655,75.79,89,81,10.56
195,Turayf,SA,2021-04-02 21:27:07,31.6725,38.6637,46.4,71,0,13.8
196,Tazovskiy,RU,2021-04-02 21:27:07,67.4667,78.7,11.57,94,100,11.32
197,Huangnihe,CN,2021-04-02 21:27:08,43.5583,128.0239,39.18,53,100,14.05
198,Qaanaaq,GL,2021-04-02 21:22:20,77.484,-69.3632,-16.82,76,100,9.89
199,Ziarat,PK,2021-04-02 21:27:08,30.3823,67.7282,51.15,26,0,8.16
200,San Remo,IT,2021-04-02 21:27:08,43.8182,7.7612,55.4,100,40,11.5
201,Aksu,CN,2021-04-02 21:27:08,41.1231,80.2644,42.04,64,100,7.99
202,Harlingen,US,2021-04-02 21:26:28,26.1906,-97.6961,73.4,46,20,14.97
203,Andrushivka,UA,2021-04-02 21:27:09,50.0229,29.0202,37.67,74,14,6.53
204,Alenquer,BR,2021-04-02 21:27:09,-1.9417,-54.7383,82.4,74,20,6.91
205,Tuatapere,NZ,2021-04-02 21:27:09,-46.1333,167.6833,46.99,85,100,4.0
206,Dudinka,RU,2021-04-02 21:27:10,69.4058,86.1778,-19.88,95,58,5.39
207,Komsomolskiy,UZ,2021-04-02 21:27:10,40.4272,71.7189,41.0,36,0,2.3
208,Cap Malheureux,MU,2021-04-02 21:27:10,-19.9842,57.6142,77.0,84,3,3.0
209,Bokoro,TD,2021-04-02 21:27:11,12.3807,17.0568,81.57,11,6,12.33
210,Daphne,US,2021-04-02 21:27:11,30.6035,-87.9036,63.0,19,1,9.22
211,Korla,CN,2021-04-02 21:27:11,41.7597,86.1469,47.32,35,100,17.65
212,Luderitz,NA,2021-04-02 21:27:11,-26.6481,15.1594,70.0,48,0,14.12
213,Berlevag,NO,2021-04-02 21:22:39,70.8578,29.0864,29.98,80,90,4.25
214,Limbang,MY,2021-04-02 21:27:12,4.75,115.0,78.8,100,75,1.14
215,Meulaboh,ID,2021-04-02 21:27:12,4.1363,96.1285,76.84,80,100,4.12
216,Severo-Kurilsk,RU,2021-04-02 21:27:12,50.6789,156.125,29.59,80,31,16.69
217,Sharjah,AE,2021-04-02 21:27:13,25.3573,55.4033,80.6,56,0,3.44
218,Biak,ID,2021-04-02 21:22:27,-0.9131,122.8766,77.9,75,100,1.7
219,Vao,NC,2021-04-02 21:27:13,-22.6667,167.4833,74.7,86,100,32.41
220,East London,ZA,2021-04-02 21:27:13,-33.0153,27.9116,63.43,82,99,15.37
221,Guane,CU,2021-04-02 21:27:13,22.2025,-84.0875,77.04,40,2,16.49
222,Coquimbo,CL,2021-04-02 21:24:33,-29.9533,-71.3436,62.6,72,0,12.66
223,Dolores,AR,2021-04-02 21:27:14,-36.3132,-57.6792,65.28,80,1,7.74
224,Saldanha,ZA,2021-04-02 21:27:14,-33.0117,17.9442,62.6,63,19,4.61
225,Garissa,KE,2021-04-02 21:27:14,-0.4536,39.6401,79.97,73,75,14.45
226,Vardo,NO,2021-04-02 21:27:15,70.3705,31.1107,31.86,73,98,7.36
227,Mangrol,IN,2021-04-02 21:27:15,21.1167,70.1167,77.56,76,74,4.45
228,Tolyatti,RU,2021-04-02 21:27:15,53.5303,49.3461,32.0,86,0,8.95
229,Shimoda,JP,2021-04-02 21:27:16,34.6667,138.95,51.01,87,52,11.95
230,Azanka,RU,2021-04-02 21:27:16,58.0401,64.7893,35.89,95,100,8.14
231,Caravelas,BR,2021-04-02 21:22:17,-17.7125,-39.2481,77.86,80,46,6.06
232,Ixtapa,MX,2021-04-02 21:27:16,20.7,-105.2,78.8,69,75,12.66
233,Thongwa,MM,2021-04-02 21:27:17,16.7619,96.5278,80.6,94,90,1.14
234,Flinders,AU,2021-04-02 21:22:24,-34.5833,150.8552,62.01,91,0,1.01
235,Nouadhibou,MR,2021-04-02 21:22:32,20.931,-17.0347,68.0,77,0,14.97
236,Hof,DE,2021-04-02 21:25:29,50.3167,11.9167,37.99,75,53,14.0
237,Chibuto,MZ,2021-04-02 21:27:17,-24.6867,33.5306,67.75,72,0,7.23
238,Kermen,BG,2021-04-02 21:27:17,42.5,26.25,51.8,87,40,9.22
239,Chumikan,RU,2021-04-02 21:27:18,54.7183,135.315,27.93,96,100,23.55
240,Mayo,US,2021-04-02 21:27:18,38.8876,-76.5119,46.0,33,40,18.41
241,Quatre Cocos,MU,2021-04-02 21:27:18,-20.2078,57.7625,77.0,100,40,3.44
242,Carayao,PY,2021-04-02 21:24:12,-25.1833,-56.4,79.21,43,0,4.34
243,Hemnesberget,NO,2021-04-02 21:27:19,66.2333,13.6333,29.5,97,99,5.77
244,Iqaluit,CA,2021-04-02 21:27:19,63.7506,-68.5145,-4.0,65,1,3.44
245,Williams Lake,CA,2021-04-02 21:26:47,52.1415,-122.1445,46.0,42,90,8.05
246,Dzialdowo,PL,2021-04-02 21:27:19,53.2396,20.17,39.2,70,0,5.75
247,Comodoro Rivadavia,AR,2021-04-02 21:27:19,-45.8667,-67.5,64.4,68,40,6.91
248,De-Kastri,RU,2021-04-02 21:27:20,51.4667,140.7833,32.31,93,100,13.42
249,Voykove,UA,2021-04-02 21:27:20,45.3826,36.4372,45.52,91,6,12.95
250,Fort Wellington,GY,2021-04-02 21:27:20,6.4,-57.6,79.95,75,78,8.77
251,Pevek,RU,2021-04-02 21:27:21,69.7008,170.3133,-14.75,93,9,1.68
252,Banda Aceh,ID,2021-04-02 21:27:21,5.5577,95.3222,80.62,74,100,7.83
253,Zaranj,AF,2021-04-02 21:27:21,30.9667,61.8833,62.6,39,0,6.91
254,Guatire,VE,2021-04-02 21:27:22,10.4762,-66.5427,82.89,64,31,6.82
255,Phalombe,MW,2021-04-02 21:27:22,-15.8064,35.6507,62.65,86,0,2.1
256,Canon City,US,2021-04-02 21:27:22,38.441,-105.2424,77.0,11,1,4.61
257,Lazaro Cardenas,MX,2021-04-02 21:27:22,17.9583,-102.2,85.53,54,8,11.86
258,Palafrugell,ES,2021-04-02 21:27:23,41.9174,3.1631,55.99,22,99,4.43
259,Chuy,UY,2021-04-02 21:27:23,-33.6971,-53.4616,67.17,69,10,7.87
260,Ndele,CF,2021-04-02 21:27:23,8.4109,20.6473,88.99,25,89,4.05
261,Ahipara,NZ,2021-04-02 21:27:24,-35.1667,173.1667,66.67,74,35,10.6
262,Hithadhoo,MV,2021-04-02 21:27:24,-0.6,73.0833,83.64,75,85,19.69
263,Bembereke,BJ,2021-04-02 21:27:24,10.2283,2.6634,81.72,9,46,4.43
264,Strezhevoy,RU,2021-04-02 21:27:24,60.7333,77.5889,33.8,93,90,11.18
265,Kuching,MY,2021-04-02 21:27:25,1.55,110.3333,75.0,100,20,2.3
266,Remiremont,FR,2021-04-02 21:25:50,48.0175,6.5882,48.2,57,0,4.61
267,Bethel,US,2021-04-02 21:26:11,41.3712,-73.414,33.01,48,100,11.77
268,Taoudenni,ML,2021-04-02 21:27:25,22.6783,-3.9836,92.59,7,62,6.96
269,Hasaki,JP,2021-04-02 21:27:25,35.7333,140.8333,51.8,82,20,3.44
270,Kavieng,PG,2021-04-02 21:27:26,-2.5744,150.7967,83.19,77,99,8.7
271,Kamenka,RU,2021-04-02 21:27:26,51.3223,42.7678,42.01,66,43,9.57
272,Fangshan,CN,2021-04-02 21:27:26,39.6983,115.9925,55.0,49,100,1.01
273,Bilibino,RU,2021-04-02 21:23:02,68.0546,166.4372,-3.6,85,100,6.69
274,Youkounkoun,GN,2021-04-02 21:27:27,12.5333,-13.1333,91.76,12,10,4.88
275,Ambilobe,MG,2021-04-02 21:27:27,-13.2,49.05,72.55,89,44,3.4
276,Cabo San Lucas,MX,2021-04-02 21:26:02,22.8909,-109.9124,88.0,29,75,2.3
277,Upernavik,GL,2021-04-02 21:27:27,72.7868,-56.1549,-11.76,94,100,12.21
278,Moa,CU,2021-04-02 21:27:28,20.6569,-74.9403,75.43,85,46,1.45
279,Namatanai,PG,2021-04-02 21:27:28,-3.6667,152.4333,81.79,78,100,6.08
280,Koumac,NC,2021-04-02 21:27:28,-20.5667,164.2833,76.77,90,100,6.73
281,Saint George,US,2021-04-02 21:25:09,37.1041,-113.5841,84.0,11,1,3.44
282,Barguzin,RU,2021-04-02 21:27:28,53.6167,109.6167,20.41,92,67,3.62
283,Milkovo,RU,2021-04-02 21:27:29,54.7167,158.6167,18.63,67,2,5.93
284,Andros Town,BS,2021-04-02 21:27:29,24.7,-77.7667,75.2,53,40,17.27
285,Magadan,RU,2021-04-02 21:26:12,59.5667,150.8,6.64,70,18,5.91
286,Huarmey,PE,2021-04-02 21:27:29,-10.0681,-78.1522,74.07,75,86,10.18
287,Khatanga,RU,2021-04-02 21:27:30,71.9667,102.5,-33.48,98,7,4.65
288,Kenai,US,2021-04-02 21:27:30,60.5544,-151.2583,26.6,54,1,3.2
289,Jiancheng,CN,2021-04-02 21:27:30,30.391,104.5491,53.01,69,100,1.99
290,Sayyan,YE,2021-04-02 21:27:30,15.1718,44.3244,59.58,31,4,2.21
291,Ngunguru,NZ,2021-04-02 21:27:31,-35.6167,174.5,66.99,81,55,8.01
292,Presidente Olegario,BR,2021-04-02 21:27:31,-18.4178,-46.4181,80.01,60,88,3.33
293,Alta Floresta,BR,2021-04-02 21:22:43,-9.8756,-56.0861,77.85,92,61,3.85
294,Port Hardy,CA,2021-04-02 21:23:03,50.6996,-127.4199,48.2,61,75,10.36
295,Leshukonskoye,RU,2021-04-02 21:27:31,64.8989,45.7622,28.24,98,100,1.74
296,Dongsheng,CN,2021-04-02 21:27:32,39.8161,109.9776,33.85,49,98,13.31
297,Deputatskiy,RU,2021-04-02 21:27:32,69.3,139.9,-14.87,99,100,1.66
298,Bagan,RU,2021-04-02 21:27:32,54.1001,77.6646,29.61,88,100,15.21
299,Kyra,RU,2021-04-02 21:27:33,49.5776,111.9753,21.52,71,0,3.38
300,Cedeno,CO,2021-04-02 21:27:33,7.0464,-72.1634,77.94,79,100,2.06
301,Igarka,RU,2021-04-02 21:23:16,67.4667,86.5833,-4.49,87,99,9.35
302,Cherskiy,RU,2021-04-02 21:27:33,68.75,161.3,-5.33,80,100,6.15
303,Ponor,RS,2021-04-02 21:27:33,43.1637,22.4508,55.99,100,100,3.38
304,Mozhga,RU,2021-04-02 21:27:34,56.4447,52.2276,33.37,78,94,13.65
305,Esperance,AU,2021-04-02 21:27:34,-33.8667,121.9,64.4,94,90,9.22
306,Chaupal,IN,2021-04-02 21:27:34,30.95,77.5833,37.45,12,0,5.17
307,Reitz,ZA,2021-04-02 21:27:35,-27.8014,28.4273,62.11,46,100,3.78
308,Nunkini,MX,2021-04-02 21:27:35,20.3333,-90.1833,84.2,58,40,17.27
309,Sangar,RU,2021-04-02 21:27:35,63.9242,127.4739,-23.46,100,100,0.89
310,Palana,RU,2021-04-02 21:27:35,59.1167,159.9667,11.21,93,100,10.8
311,Porosozero,RU,2021-04-02 21:27:36,62.7191,32.727,25.74,96,95,2.86
312,Luganville,VU,2021-04-02 21:27:36,-15.5333,167.1667,80.91,81,100,0.34
313,Vestmanna,FO,2021-04-02 21:27:36,62.1564,-7.1664,42.8,87,75,19.57
314,Corinth,GR,2021-04-02 21:27:37,37.9407,22.9573,57.99,56,100,1.01
315,Verkhnyaya Inta,RU,2021-04-02 21:27:37,65.9811,60.3094,27.34,96,98,9.51
316,Alihe,CN,2021-04-02 21:27:37,50.5667,123.7167,20.7,53,1,14.56
317,Weihe,CN,2021-04-02 21:27:38,32.9952,105.3247,42.48,88,97,5.55
318,Bandarbeyla,SO,2021-04-02 21:27:38,9.4942,50.8122,77.74,76,7,3.51
319,Khabary,RU,2021-04-02 21:27:38,53.6259,79.5345,28.17,88,98,13.85
320,Sao Felix Do Xingu,BR,2021-04-02 21:27:39,-6.6447,-51.995,77.02,93,70,2.01
321,Handlova,SK,2021-04-02 21:27:39,48.7276,18.7601,43.0,80,38,3.47
322,Natal,BR,2021-04-02 21:27:39,-5.795,-35.2094,82.4,74,20,9.22
323,Turukhansk,RU,2021-04-02 21:27:39,65.8167,87.9833,7.18,86,99,11.65
324,Neiafu,TO,2021-04-02 21:22:54,-18.65,-173.9833,84.2,70,40,8.05
325,Zadar,HR,2021-04-02 21:27:40,44.1197,15.2422,50.0,93,0,3.44
326,Hovd,MN,2021-04-02 21:27:40,48.0056,91.6419,26.24,38,0,2.37
327,Kawalu,ID,2021-04-02 21:27:40,-7.3817,108.2082,71.06,94,54,3.67
328,Tulun,RU,2021-04-02 21:27:41,54.5611,100.5792,23.63,86,100,4.05
329,Auki,SB,2021-04-02 21:27:41,-8.7676,160.7034,80.1,79,81,2.8
330,Fairbanks,US,2021-04-02 21:27:41,64.8378,-147.7164,10.0,61,1,2.48
331,Bata,GQ,2021-04-02 21:27:41,1.8639,9.7658,80.6,89,40,5.3
332,Saint-Pierre,RE,2021-04-02 21:27:42,-21.3393,55.4781,77.0,88,75,14.97
333,Vanimo,PG,2021-04-02 21:27:42,-2.6741,141.3028,75.4,93,100,3.2
334,Putai,FR,2021-04-02 21:27:42,46.6579,1.9863,50.0,61,0,13.8
335,Muros,ES,2021-04-02 21:23:22,42.7762,-9.0603,59.0,86,84,5.12
336,A Coruna,ES,2021-04-02 21:27:43,43.3713,-8.396,55.99,100,90,2.3
337,Kununurra,AU,2021-04-02 21:27:43,-15.7667,128.7333,71.6,94,100,4.32
338,Qaqortoq,GL,2021-04-02 21:27:43,60.7167,-46.0333,37.4,81,75,4.61
339,Beyneu,KZ,2021-04-02 21:27:44,45.3167,55.2,54.28,30,0,23.49
340,Tahe,CN,2021-04-02 21:27:44,52.3333,124.7333,15.37,59,1,18.21
341,Siguiri,GN,2021-04-02 21:27:44,11.6667,-9.5,87.58,8,16,4.07
342,Kushima,JP,2021-04-02 21:27:45,31.4583,131.2333,64.4,94,75,21.85
343,Wasilla,US,2021-04-02 21:27:45,61.5814,-149.4394,28.99,46,1,4.61
344,Darhan,MN,2021-04-02 21:27:45,49.4867,105.9228,28.49,66,0,7.2
345,Szigethalom,HU,2021-04-02 21:27:45,47.3223,19.0026,50.0,50,1,3.0
346,Chicama,PE,2021-04-02 21:27:46,-7.8447,-79.1469,69.8,83,96,11.5
347,Elliot Lake,CA,2021-04-02 21:27:46,46.3834,-82.6331,39.2,30,1,11.5
348,Zhicheng,CN,2021-04-02 21:27:46,30.2956,111.5047,51.01,94,100,6.4
349,Onega,RU,2021-04-02 21:27:46,63.9061,38.1404,27.12,97,95,1.7
350,Karratha,AU,2021-04-02 21:27:47,-20.7377,116.8463,79.75,52,1,10.38
351,Nipawin,CA,2021-04-02 21:22:51,53.3668,-104.0009,46.4,31,1,13.8
352,Samarai,PG,2021-04-02 21:27:47,-10.6167,150.6667,80.76,78,100,4.12
353,Cedral,MX,2021-04-02 21:27:47,23.8,-100.7333,66.04,55,74,19.3
354,Jensen Beach,US,2021-04-02 21:27:48,27.2545,-80.2298,68.0,45,75,18.41
355,Altay,CN,2021-04-02 21:27:48,47.8667,88.1167,24.13,37,0,8.86
356,Kudahuvadhoo,MV,2021-04-02 21:27:48,2.6708,72.8944,82.96,75,13,15.84
357,Oxelosund,SE,2021-04-02 21:27:48,58.6706,17.1015,39.2,60,0,10.36
358,Daru,PG,2021-04-02 21:27:49,-9.0763,143.2092,75.79,94,97,8.66
359,Vila Velha,BR,2021-04-02 21:27:49,-20.3297,-40.2925,78.8,73,0,5.75
360,Parit Buntar,MY,2021-04-02 21:27:49,5.1267,100.4932,84.0,78,20,2.91
361,Pontes E Lacerda,BR,2021-04-02 21:27:50,-15.2261,-59.3353,76.23,90,100,1.28
362,Thinadhoo,MV,2021-04-02 21:27:50,0.5333,72.9333,83.12,77,8,18.66
363,Yar-Sale,RU,2021-04-02 21:27:50,66.8333,70.8333,29.61,97,100,5.91
364,Contai,IN,2021-04-02 21:27:51,21.7786,87.7536,77.58,91,12,9.28
365,Asau,RO,2021-04-02 21:27:51,46.4333,26.4,42.01,52,100,3.58
366,Arefu,RO,2021-04-02 21:27:51,45.3333,24.6,46.4,93,90,3.44
367,Zhangye,CN,2021-04-02 21:27:51,38.9342,100.4517,41.72,32,100,2.21
368,Eureka,US,2021-04-02 21:27:52,40.8021,-124.1637,59.0,69,100,1.99
369,Champerico,GT,2021-04-02 21:27:52,14.3,-91.9167,91.4,52,75,13.8
370,Lebu,CL,2021-04-02 21:27:52,-37.6167,-73.65,57.54,83,3,15.5
371,Derzhavinsk,KZ,2021-04-02 21:27:52,51.1,66.3167,23.29,83,100,7.81
372,Changji,CN,2021-04-02 21:27:53,44.0167,87.3167,41.0,56,0,4.47
373,Wellington,NZ,2021-04-02 21:27:53,-41.2866,174.7756,59.0,67,75,3.44
374,Zalesovo,RU,2021-04-02 21:27:53,53.9939,84.7431,28.22,85,100,12.28
375,Bongandanga,CD,2021-04-02 21:27:54,1.5,21.05,71.76,94,100,0.78
376,Sibolga,ID,2021-04-02 21:27:54,1.7427,98.7792,76.19,84,100,3.22
377,Denpasar,ID,2021-04-02 21:24:03,-8.65,115.2167,78.8,94,20,3.44
378,Khawhai,IN,2021-04-02 21:27:54,23.3667,93.1167,52.66,64,0,2.77
379,Mackenzie,CA,2021-04-02 21:27:54,55.2999,-123.1698,37.4,60,90,4.61
380,El Reno,US,2021-04-02 21:27:55,35.5323,-97.955,70.0,26,1,24.16
381,Dunedin,NZ,2021-04-02 21:27:55,-45.8742,170.5036,54.0,61,31,10.0
382,Kyzyl-Suu,KG,2021-04-02 21:27:55,42.3414,78.0056,20.82,50,40,8.84
383,Baherden,TM,2021-04-02 21:24:12,38.4362,57.4316,66.02,36,33,3.76
384,Toora-Khem,RU,2021-04-02 21:27:56,52.4675,96.11,17.56,94,78,1.52
385,Palasa,IN,2021-04-02 21:27:56,18.7667,84.4167,80.38,84,94,3.78
386,Severnyy,RU,2021-04-02 21:27:56,50.677,36.5532,44.6,93,75,6.71
387,Klyuchi,RU,2021-04-02 21:27:57,52.2667,79.1667,24.75,82,80,10.04
388,Darlowo,PL,2021-04-02 21:27:57,54.421,16.4107,39.99,100,99,7.29
389,Bafata,GW,2021-04-02 21:27:57,12.1667,-14.75,80.87,52,4,9.28
390,Trincomalee,LK,2021-04-02 21:27:57,8.5711,81.2335,79.79,82,3,10.49
391,Nantucket,US,2021-04-02 21:27:27,41.2835,-70.0995,37.4,56,20,13.8
392,Saint-Felicien,CA,2021-04-02 21:27:58,48.6501,-72.4491,23.0,58,90,8.05
393,Wajima,JP,2021-04-02 21:27:58,37.4,136.9,54.99,73,15,2.68
394,Teya,RU,2021-04-02 21:27:58,60.3778,92.6267,26.69,91,98,8.43
395,Marsh Harbour,BS,2021-04-02 21:27:26,26.5412,-77.0636,68.29,62,100,26.6
396,Turiacu,BR,2021-04-02 21:27:59,-1.6633,-45.3717,78.31,86,100,5.01
397,Staryy Nadym,RU,2021-04-02 21:27:59,65.6118,72.6842,28.36,97,100,8.93
398,Saint-Francois,FR,2021-04-02 21:27:59,46.4154,3.9054,48.99,66,0,5.75
399,Fernandez,AR,2021-04-02 21:28:00,-27.9204,-63.8935,79.74,50,7,10.6
400,Skovorodino,RU,2021-04-02 21:28:00,53.9833,123.9167,14.47,60,2,14.12
401,Bubaque,GW,2021-04-02 21:28:00,11.2833,-15.8333,76.12,79,0,20.22
402,Fare,PF,2021-04-02 21:28:01,-16.7,-151.0167,81.55,70,0,0.13
403,Selishche,RU,2021-04-02 21:28:01,56.8879,33.2691,26.85,97,88,3.09
404,Hambantota,LK,2021-04-02 21:28:01,6.1241,81.1185,75.2,100,0,3.44
405,Xuanzhou,CN,2021-04-02 21:28:01,30.9525,118.7553,55.53,94,100,8.52
406,Havre-Saint-Pierre,CA,2021-04-02 21:28:02,50.2334,-63.5986,30.2,93,90,10.36
407,Lakes Entrance,AU,2021-04-02 21:28:02,-37.8811,147.981,59.0,94,0,4.83
408,Sinnai,IT,2021-04-02 21:28:02,39.3042,9.2036,61.0,94,20,12.66
409,Madison,US,2021-04-02 21:23:26,34.7334,-86.5667,55.0,24,1,7.94
410,Ballina,AU,2021-04-02 21:28:03,-28.8667,153.5667,71.6,60,75,10.36
411,Porto Novo,BJ,2021-04-02 21:28:03,6.4965,2.6036,86.0,79,20,11.5
412,Simao,CN,2021-04-02 21:28:03,22.7886,100.9748,61.21,36,8,1.34
413,Tyrma,RU,2021-04-02 21:28:04,50.0833,132.1667,28.98,79,99,14.54
414,Abu Dhabi,AE,2021-04-02 21:28:01,24.4667,54.3667,77.0,69,0,2.3
415,Sao Joao Da Barra,BR,2021-04-02 21:28:04,-21.6403,-41.0511,78.8,73,0,13.8
416,Abnub,EG,2021-04-02 21:28:04,27.2696,31.1511,57.2,47,0,11.5
417,Ayorou,NE,2021-04-02 21:28:04,14.7308,0.9174,83.55,7,0,10.6
418,Verkh-Usugli,RU,2021-04-02 21:28:05,52.7,115.1667,15.58,88,25,4.16
419,Bell Ville,AR,2021-04-02 21:28:05,-32.6259,-62.6887,73.0,62,36,1.99
420,Myaundzha,RU,2021-04-02 21:28:05,63.0494,147.1858,-1.32,98,94,1.7
421,Puerto El Triunfo,SV,2021-04-02 21:28:06,13.2833,-88.55,102.2,24,20,13.8
422,Sakaiminato,JP,2021-04-02 21:28:06,35.55,133.2333,60.8,72,20,3.44
423,Tecoanapa,MX,2021-04-02 21:28:06,16.5167,-98.75,88.7,48,0,14.05
424,Acajutla,SV,2021-04-02 21:24:48,13.5928,-89.8275,89.6,35,0,8.05
425,Provideniya,RU,2021-04-02 21:28:06,64.3833,-173.3,10.47,90,100,16.96
426,Rundu,NA,2021-04-02 21:28:07,-17.9333,19.7667,68.67,54,75,4.81
427,Wahpeton,US,2021-04-02 21:28:07,46.2652,-96.6059,64.4,27,1,20.71
428,Sabha,LY,2021-04-02 21:28:07,27.0377,14.4283,68.79,21,0,8.77
429,Poum,NC,2021-04-02 21:28:07,-20.2333,164.0167,78.44,87,100,9.62
430,Kribi,CM,2021-04-02 21:28:08,2.95,9.9167,80.64,87,100,8.16
431,Victoria,HK,2021-04-02 21:28:08,22.2855,114.1577,75.0,87,0,1.61
432,Betsiamites,CA,2021-04-02 21:28:08,48.9413,-68.646,26.6,54,90,8.05
433,Risti,EE,2021-04-02 21:28:09,58.9975,24.058,36.0,84,15,5.01
434,Tupelo,US,2021-04-02 21:23:14,34.2576,-88.7034,57.2,21,1,5.75
435,Christchurch,NZ,2021-04-02 21:28:07,-43.5333,172.6333,55.99,82,38,3.44
436,Nome,US,2021-04-02 21:28:09,64.5011,-165.4064,12.2,85,90,24.16
437,Shashi,CN,2021-04-02 21:28:09,30.3072,112.2447,48.99,94,99,9.48
438,Les Cayes,HT,2021-04-02 21:28:10,18.2,-73.75,81.54,65,16,10.98
439,Kholtoson,RU,2021-04-02 21:28:10,50.2981,103.3097,24.93,39,1,3.65
440,Russell,US,2021-04-02 21:28:10,32.3502,-85.1999,60.8,18,1,9.22
441,Sungairaya,ID,2021-04-02 21:28:11,0.7,108.9,76.17,86,19,6.33
442,Sao Jose Da Coroa Grande,BR,2021-04-02 21:23:40,-8.8978,-35.1478,79.29,71,4,8.03
443,Awjilah,LY,2021-04-02 21:23:14,29.1081,21.2869,62.53,29,0,5.03
444,Mount Gambier,AU,2021-04-02 21:28:11,-37.8333,140.7667,60.8,51,0,12.66
445,Lantawan,PH,2021-04-02 21:28:11,10.6167,123.9833,78.8,89,20,5.75
446,Lac Du Bonnet,CA,2021-04-02 21:28:12,50.2536,-96.0612,57.99,61,100,10.0
447,Port-Gentil,GA,2021-04-02 21:28:12,-0.7193,8.7815,78.8,89,20,3.44
448,Tarko-Sale,RU,2021-04-02 21:28:12,64.9225,77.785,27.39,93,100,5.21
449,Wschowa,PL,2021-04-02 21:28:13,51.807,16.3166,44.01,66,74,1.99
450,Scarborough,GB,2021-04-02 21:28:13,54.2797,-0.4044,43.0,85,2,7.0
451,Port Macquarie,AU,2021-04-02 21:23:22,-31.4333,152.9167,64.0,99,99,1.01
452,Brae,GB,2021-04-02 21:28:13,60.3964,-1.353,39.2,75,75,8.05
453,Port Lincoln,AU,2021-04-02 21:28:13,-34.7333,135.8667,69.89,40,0,8.03
454,Rondonopolis,BR,2021-04-02 21:28:14,-16.4708,-54.6356,81.32,63,45,11.27
455,Kota Kinabalu,MY,2021-04-02 21:28:14,5.9749,116.0724,73.4,88,20,4.61
456,Itoman,JP,2021-04-02 21:28:14,26.1247,127.6694,71.6,100,75,3.44
457,Altamira,BR,2021-04-02 21:25:25,-3.2033,-52.2064,86.0,74,20,3.44
458,Nacogdoches,US,2021-04-02 21:28:15,31.6002,-94.6335,68.0,24,20,11.5
459,Bereda,ES,2021-04-02 21:28:15,43.2686,-7.5406,53.01,94,81,7.0
460,Billings,US,2021-04-02 21:23:30,45.7833,-108.5007,72.0,14,40,3.44
461,Ribeira Brava,PT,2021-04-02 21:28:15,32.65,-17.0667,62.6,72,40,6.91
462,Gramalote,CO,2021-04-02 21:28:16,7.8875,-72.7975,84.2,54,75,13.8
463,Kursenai,LT,2021-04-02 21:28:16,55.985,22.9189,35.6,80,0,9.22
464,Bilma,NE,2021-04-02 21:28:16,18.6853,12.9164,72.84,11,0,5.17
465,Bratsk,RU,2021-04-02 21:28:17,56.1325,101.6142,32.0,51,100,8.95
466,Malindi,KE,2021-04-02 21:28:17,-3.2175,40.1191,81.07,79,63,13.29
467,Ayan,RU,2021-04-02 21:28:17,56.45,138.1667,27.14,95,100,20.92
468,Flic En Flac,MU,2021-04-02 21:28:17,-20.2742,57.3631,77.0,100,40,3.44
469,Adelaide,AU,2021-04-02 21:28:07,-34.9333,138.6,71.01,45,0,5.75
470,Loa Janan,ID,2021-04-02 21:28:18,-0.583,117.095,73.27,98,84,1.36
471,Kysyl-Syr,RU,2021-04-02 21:28:18,63.8986,122.7617,-5.8,96,100,8.1
472,Xiuyan,CN,2021-04-02 21:28:18,40.2928,123.2744,48.45,92,100,6.44
473,Urdoma,RU,2021-04-02 21:28:19,61.7533,48.5442,21.9,96,95,1.99
474,Maragogi,BR,2021-04-02 21:28:19,-9.0122,-35.2225,78.94,72,2,7.85
475,Katsuura,JP,2021-04-02 21:28:19,35.1333,140.3,59.0,72,20,4.61
476,Inta,RU,2021-04-02 21:28:19,66.0317,60.1659,27.16,97,98,10.42
477,Prince Rupert,CA,2021-04-02 21:23:38,54.3161,-130.3201,41.0,81,90,13.8
478,Esik,KZ,2021-04-02 21:28:20,43.3552,77.4525,28.4,74,20,2.24
479,Southern Pines,US,2021-04-02 21:28:20,35.174,-79.3923,51.8,20,1,9.22
480,Tabou,CI,2021-04-02 21:28:20,4.423,-7.3528,79.84,86,26,8.86
481,Lavrentiya,RU,2021-04-02 21:28:21,65.5833,-171.0,8.08,86,100,12.71
482,Ambikapur,IN,2021-04-02 21:28:21,23.1167,83.2,67.68,9,0,3.13
483,Shache,CN,2021-04-02 21:28:21,38.4167,77.2406,39.99,64,14,1.19
484,Kuznechnoye,RU,2021-04-02 21:28:22,61.12,29.8686,34.0,97,95,2.68
485,Puri,IN,2021-04-02 21:28:22,19.8,85.85,80.6,94,40,3.44
486,Mecca,SA,2021-04-02 21:27:01,21.4267,39.8261,71.71,48,0,9.42
487,Buraydah,SA,2021-04-02 21:28:22,26.326,43.975,75.2,23,40,13.8
488,Eyl,SO,2021-04-02 21:28:22,7.9803,49.8164,78.73,71,25,5.77
489,Budaun,IN,2021-04-02 21:28:23,28.05,79.1167,69.28,6,0,8.55
490,Sao Filipe,CV,2021-04-02 21:28:23,14.8961,-24.4956,73.44,70,9,9.91
491,Haikou,CN,2021-04-02 21:28:23,20.0458,110.3417,75.2,94,0,6.71
492,Husavik,IS,2021-04-02 21:28:24,66.0449,-17.3389,42.8,52,0,25.32
493,Stornoway,GB,2021-04-02 21:28:24,58.2093,-6.3865,42.01,93,20,4.61
494,Sept-Iles,CA,2021-04-02 21:24:42,50.2001,-66.3821,28.99,74,100,12.66
495,Kpandae,GH,2021-04-02 21:28:24,8.4689,-0.0113,89.91,35,18,5.64
496,Zyryanka,RU,2021-04-02 21:28:24,65.75,150.85,-13.4,99,100,4.99
497,Manokwari,ID,2021-04-02 21:28:25,-0.8667,134.0833,76.73,79,100,2.8
498,Salinopolis,BR,2021-04-02 21:28:25,-0.6136,-47.3561,79.68,83,33,5.21
499,Ferrol,ES,2021-04-02 21:28:25,43.4832,-8.2369,57.99,89,67,1.95
500,Envira,BR,2021-04-02 21:28:26,-7.3,-70.2167,74.59,93,100,2.73
501,Honningsvag,NO,2021-04-02 21:28:26,70.9821,25.9704,32.27,79,45,5.26
502,Sola,VU,2021-04-02 21:28:26,-13.8833,167.55,84.2,84,75,10.31
503,Havelock,US,2021-04-02 21:28:26,34.8791,-76.9013,48.2,29,1,12.66
504,Porto Empedocle,IT,2021-04-02 21:28:27,37.2934,13.5264,55.89,68,2,5.88
505,Malabo,GQ,2021-04-02 21:26:35,3.75,8.7833,80.6,89,20,4.61
506,Turtas,RU,2021-04-02 21:28:27,58.9417,69.1325,34.03,87,100,7.31
507,Kavaratti,IN,2021-04-02 21:28:27,10.5669,72.642,82.65,61,45,12.46
508,Wapakoneta,US,2021-04-02 21:28:28,40.5678,-84.1936,45.0,26,1,7.61
509,Maniitsoq,GL,2021-04-02 21:28:28,65.4167,-52.9,12.38,73,100,7.18
510,Opuwo,NA,2021-04-02 21:28:28,-18.0607,13.84,74.34,62,100,7.25
511,Novikovo,RU,2021-04-02 21:28:28,51.1537,37.8879,44.46,90,100,6.22
512,Mumbwa,ZM,2021-04-02 21:28:29,-14.9783,27.0619,65.64,77,87,5.46
513,Soe,ID,2021-04-02 21:28:29,-9.8607,124.284,65.79,96,100,4.03
514,Sayat,TM,2021-04-02 21:28:29,38.7839,63.8803,55.4,47,0,13.8
515,Krasnyy Yar,RU,2021-04-02 21:28:30,46.5331,48.3456,42.01,70,83,6.71
516,Pasni,PK,2021-04-02 21:28:30,25.2631,63.471,81.95,42,0,8.41
517,Galesong,ID,2021-04-02 21:28:30,-5.3166,119.3661,75.2,100,20,2.3
518,Half Moon Bay,US,2021-04-02 21:28:30,37.4636,-122.4286,66.99,76,1,10.36
519,Prince George,CA,2021-04-02 21:26:30,53.9166,-122.753,43.0,45,20,9.22
520,Antalaha,MG,2021-04-02 21:28:31,-14.9003,50.2788,75.02,87,25,7.74
521,Zhigansk,RU,2021-04-02 21:28:31,66.7697,123.3711,-11.34,99,100,3.78
522,Coahuayana,MX,2021-04-02 21:28:31,18.7333,-103.6833,91.4,35,40,11.5
523,Reading,GB,2021-04-02 21:28:32,51.4562,-0.9711,44.01,69,6,5.01
524,Ketchikan,US,2021-04-02 21:24:57,55.3422,-131.6461,37.4,93,90,24.16
525,Okha,RU,2021-04-02 21:28:32,53.5739,142.9478,30.06,93,100,19.51
526,Kamaishi,JP,2021-04-02 21:28:32,39.2667,141.8833,47.43,89,95,8.77
527,Catamarca,AR,2021-04-02 21:28:33,-28.4696,-65.7852,77.0,68,32,5.99
528,Rocha,UY,2021-04-02 21:28:33,-34.4833,-54.3333,65.95,77,28,7.78
529,Ilulissat,GL,2021-04-02 21:28:33,69.2167,-51.1,8.6,61,75,8.05
530,Pochutla,MX,2021-04-02 21:23:37,15.7432,-96.4661,96.01,40,40,11.5
531,Nogliki,RU,2021-04-02 21:28:33,51.8333,143.1667,31.71,91,100,12.37
532,Aksarka,RU,2021-04-02 21:28:34,66.5606,67.7975,29.07,98,100,4.79
533,Edd,ER,2021-04-02 21:28:34,13.9297,41.6925,78.85,83,6,10.11
534,Zeya,RU,2021-04-02 21:28:34,53.75,127.2667,16.75,74,91,14.16
535,Midland,US,2021-04-02 21:24:15,31.9974,-102.0779,75.0,25,1,16.11
536,Nelson Bay,AU,2021-04-02 21:28:35,-32.7167,152.15,62.01,100,89,5.75
537,Ugoofaaru,MV,2021-04-02 21:28:35,5.6667,73.0,82.83,76,4,10.29
538,Ligayan,PH,2021-04-02 21:28:35,4.6533,119.4706,81.3,80,100,10.87
539,High Level,CA,2021-04-02 21:28:36,58.5169,-117.136,28.4,59,75,8.05
540,Carpen,RO,2021-04-02 21:28:36,44.3333,23.25,57.99,67,0,4.61
541,Koungheul,SN,2021-04-02 21:28:36,13.9833,-14.8,94.6,15,2,3.18
542,Socorro,US,2021-04-02 21:28:36,31.6546,-106.3033,82.99,19,1,6.91
543,Yenagoa,NG,2021-04-02 21:28:37,4.9247,6.2642,79.95,80,53,5.79
544,Hualmay,PE,2021-04-02 21:28:37,-11.0964,-77.6139,72.88,76,21,9.01
545,Krasnoselkup,RU,2021-04-02 21:28:37,65.7,82.4667,14.31,95,100,8.39
546,Tuy Hoa,VN,2021-04-02 21:28:38,13.0833,109.3,75.45,94,96,2.08
547,Merauke,ID,2021-04-02 21:28:38,-8.4667,140.3333,76.37,91,100,4.74
548,Quang Ngai,VN,2021-04-02 21:28:38,15.1167,108.8,73.6,94,34,3.02
549,Brooks,CA,2021-04-02 21:28:39,50.5834,-111.8851,59.0,20,82,10.36
550,Codrington,AU,2021-04-02 21:28:39,-38.2667,141.9667,66.85,38,0,14.29
551,Weston,US,2021-04-02 21:23:49,26.1004,-80.3998,75.2,46,75,18.41
